name,price,description,review_count,avg_rating,scraped_at,color,brand,currency,url,availability
Forum Low CL The Grinch Shoes,100,,,"(None,)",2023-12-13 11:19:51,Oat S24 / Bright Red / Bronze Strata S23,Adidas,USD,https://www.adidas.com//us/forum-low-cl-the-grinch-shoes/IG7066.html,INSTOCK
Multix Shoes,35,, 229,4.8,2023-12-13 11:19:58,Clear Pink / Almost Pink / Cloud White,Adidas,USD,https://www.adidas.com//us/multix-shoes/GX4811.html,INSTOCK
Avryn Shoes Kids,48,, 3,4.7,2023-12-13 11:20:00,Core Black / Core Black / Carbon,Adidas,USD,https://www.adidas.com//us/avryn-shoes-kids/IG0124.html,INSTOCK
Superstar Shoes,80,, 1656,4.9,2023-12-13 11:20:04,Cloud White / Core Black / Cloud White,Adidas,USD,https://www.adidas.com//us/superstar-shoes/FU7712.html,INSTOCK
Swift Run 22 Shoes,42,, 501,4.5,2023-12-13 11:20:07,Grey Three / Cloud White / Grey Four,Adidas,USD,https://www.adidas.com//us/swift-run-22-shoes/GW8178.html,INSTOCK
Racer TR 23 Shoes Kids,45,, 23,4.3,2023-12-13 11:20:12,Core Black / Cloud White / Blue Dawn,Adidas,USD,https://www.adidas.com//us/racer-tr-23-shoes-kids/ID5370.html,INSTOCK
Superstar Boots Kids,70,, 22,4.6,2023-12-13 11:20:14,Core Black / Core Black / Cloud White,Adidas,USD,https://www.adidas.com//us/superstar-boots-kids/ID6891.html,INSTOCK
Falcon 3 Sport Lace Shoes,55,, 221,4.7,2023-12-13 11:20:16,Core Black / Cloud White / Core Black,Adidas,USD,https://www.adidas.com//us/falcon-3-sport-lace-shoes/HP5845.html,INSTOCK
Gazelle Shoes Kids,80,, 8,5.0,2023-12-13 11:20:20,Night Indigo / Wonder Taupe S23 / Gum,Adidas,USD,https://www.adidas.com//us/gazelle-shoes-kids/IE8605.html,INSTOCK
NMD 360 Shoes,75,, 468,4.5,2023-12-13 11:20:25,Core Black / Silver Metallic / Cloud White,Adidas,USD,https://www.adidas.com//us/nmd-360-shoes/GX3315.html,INSTOCK
OZWEEGO Shoes,80,, 392,4.7,2023-12-13 11:20:30,Core Black / Core Black / Night Metallic,Adidas,USD,https://www.adidas.com//us/ozweego-shoes/EF6298.html,INSTOCK
OZWEEGO Shoes Kids,80,, 28,4.5,2023-12-13 11:20:32,Magic Beige F22 / Magic Beige F22 / Sand Strata S23,Adidas,USD,https://www.adidas.com//us/ozweego-shoes-kids/IG7418.html,INSTOCK
Gazelle Shoes Kids,70,, 7,5.0,2023-12-13 11:20:37,Collegiate Green / Preloved Red S23 / Gum,Adidas,USD,https://www.adidas.com//us/gazelle-shoes-kids/IE8674.html,INSTOCK
Racer TR23 Shoes Kids,55,, 165,4.7,2023-12-13 11:20:40,Core Black / Cloud White / Solar Red,Adidas,USD,https://www.adidas.com//us/racer-tr23-shoes-kids/ID0334.html,INSTOCK
Superstar XLG Shoes Kids,90,, 3,5.0,2023-12-13 11:20:42,Core Black / Cloud White / Grey Five,Adidas,USD,https://www.adidas.com//us/superstar-xlg-shoes-kids/IG0288.html,INSTOCK
Lite Racer Adapt 5.0 Shoes,42,, 718,4.7,2023-12-13 11:20:50,Core Black / Cloud White / Carbon,Adidas,USD,https://www.adidas.com//us/lite-racer-adapt-5.0-shoes/HP6184.html,INSTOCK
Samba OG Shoes Kids,70,, 100,4.9,2023-12-13 11:20:54,Core Black / Cloud White / Gum,Adidas,USD,https://www.adidas.com//us/samba-og-shoes-kids/IE3678.html,INSTOCK
UBOUNCE DNA C,65,,,"(None,)",2023-12-13 11:20:58,Ice Lavender / Cloud White / Bliss Lilac,Adidas,USD,https://www.adidas.com//us/ubounce-dna-c/IF6804.html,INSTOCK
Gazelle Shoes Kids,80,, 8,5.0,2023-12-13 11:21:02,Collegiate Green / Preloved Red S23 / Gum,Adidas,USD,https://www.adidas.com//us/gazelle-shoes-kids/IE8604.html,INSTOCK
Superstar Boots Kids,40,, 22,4.6,2023-12-13 11:21:04,Sand Strata / Sand Strata / Cloud White,Adidas,USD,https://www.adidas.com//us/superstar-boots-kids/IG2564.html,INSTOCK
Racer TR23 Shoes Kids,45,, 5,4.8,2023-12-13 11:21:07,Shadow Olive / Cloud White / Screaming Orange,Adidas,USD,https://www.adidas.com//us/racer-tr23-shoes-kids/IF0207.html,INSTOCK
Gazelle Shoes,80,, 4789,4.8,2023-12-13 11:21:16,Pink Tint / Cloud White / Cloud White,Adidas,USD,https://www.adidas.com//us/gazelle-shoes/H01512.html,INSTOCK
Superstar Shoes,80,, 1656,4.9,2023-12-13 11:21:23,Core Black / Cloud White / Core Black,Adidas,USD,https://www.adidas.com//us/superstar-shoes/EF5398.html,INSTOCK
X Crazyfast.1 Firm Ground Soccer Cleats,98,, 38,4.6,2023-12-13 11:21:25,Bright Royal / Cloud White / Solar Red,Adidas,USD,https://www.adidas.com//us/x-crazyfast.1-firm-ground-soccer-cleats/IE4209.html,INSTOCK
Superstar Comfort Closure Shoes Kids,75,, 2,3.0,2023-12-13 11:21:36,Core Black / Core Black / Gold Metallic,Adidas,USD,https://www.adidas.com//us/superstar-comfort-closure-shoes-kids/ID7264.html,INSTOCK
Gazelle Comfort Closure Shoes Kids,60,, 21,4.9,2023-12-13 11:21:37,Collegiate Green / Preloved Red S23 / Gum,Adidas,USD,https://www.adidas.com//us/gazelle-comfort-closure-shoes-kids/IE8706.html,INSTOCK
NMD_V3 Shoes,56,, 47,4.8,2023-12-13 11:21:45,Crystal White / Cloud White / Pulse Magenta,Adidas,USD,https://www.adidas.com//us/nmd_v3-shoes/GY4265.html,INSTOCK
X_PLRPHASE Shoes Kids,80,, 53,4.6,2023-12-13 11:21:47,Core Black / Core Black / Cloud White,Adidas,USD,https://www.adidas.com//us/x_plrphase-shoes-kids/IF2760.html,INSTOCK
Campus 00s Shoes,90,, 21,5.0,2023-12-13 11:21:50,Bliss Pink F22 / Solar Red / Cloud White,Adidas,USD,https://www.adidas.com//us/campus-00s-shoes/IF3968.html,INSTOCK
Ownthegame 2.0 Shoes,60,, 290,4.8,2023-12-13 11:21:56,Cloud White / Flash Aqua / Lucid Pink,Adidas,USD,https://www.adidas.com//us/ownthegame-2.0-shoes/IF2696.html,INSTOCK
Altaventure Sport Swim Sandals,30,, 113,4.7,2023-12-13 11:21:57,Core Black / Cloud White / Halo Silver,Adidas,USD,https://www.adidas.com//us/altaventure-sport-swim-sandals/GV7807.html,INSTOCK
NMD_R1 Refined Shoes,85,, 181,4.6,2023-12-13 11:21:58,Cloud White / Cloud White / Grey One,Adidas,USD,https://www.adidas.com//us/nmd_r1-refined-shoes/H02344.html,INSTOCK
VL Court 3.0 Shoes Kids,55,,,"(None,)",2023-12-13 11:22:01,Core Black / Cloud White / Core Black,Adidas,USD,https://www.adidas.com//us/vl-court-3.0-shoes-kids/ID6313.html,INSTOCK
X Crazyfast.3 Firm Ground Soccer Cleats,70,, 196,4.8,2023-12-13 11:22:03,Core Black / Core Black / Core Black,Adidas,USD,https://www.adidas.com//us/x-crazyfast.3-firm-ground-soccer-cleats/ID9355.html,INSTOCK
UBOUNCE DNA C,65,,,"(None,)",2023-12-13 11:22:04,Grey Three / Grey Five / Grey Two,Adidas,USD,https://www.adidas.com//us/ubounce-dna-c/IF6807.html,INSTOCK
OZWEEGO Shoes Kids,70,, 10,4.9,2023-12-13 11:22:07,Magic Beige F22 / Magic Beige F22 / Sand Strata S23,Adidas,USD,https://www.adidas.com//us/ozweego-shoes-kids/IG7436.html,INSTOCK
NMD_V3 Shoes,42,, 22,4.8,2023-12-13 11:22:10,Core Black / Core Black / Cloud White,Adidas,USD,https://www.adidas.com//us/nmd_v3-shoes/GZ4311.html,INSTOCK
Stan Smith Comfort Closure Shoes Kids,60,,,"(None,)",2023-12-13 11:22:13,Cloud White / Cloud White / Blue Bird,Adidas,USD,https://www.adidas.com//us/stan-smith-comfort-closure-shoes-kids/IE8114.html,INSTOCK
Disney Breaknet 2.0 Shoes Kids,38,,,"(None,)",2023-12-13 11:22:16,Cloud White / Core Black / Scarlet,Adidas,USD,https://www.adidas.com//us/disney-breaknet-2.0-shoes-kids/ID8021.html,INSTOCK
Lite Racer Adapt 5.0,42,, 719,4.7,2023-12-13 11:22:20,Core Black / Core Black / Grey Six,Adidas,USD,https://www.adidas.com//us/lite-racer-adapt-5.0/HQ3560.html,INSTOCK
Forum Mid Shoes Kids,50,, 1,5.0,2023-12-13 11:22:24,Cloud White / Easy Yellow / Crew Yellow,Adidas,USD,https://www.adidas.com//us/forum-mid-shoes-kids/IF2676.html,INSTOCK
Monofit Slip-On Shoes,40,, 112,4.7,2023-12-13 11:22:28,Clear Pink / Cloud White / Bliss Pink F22,Adidas,USD,https://www.adidas.com//us/monofit-slip-on-shoes/ID8399.html,INSTOCK
Samba Classic Shoes,70,, 473,4.7,2023-12-13 11:22:31,Core Black / Cloud White / Core Black,Adidas,USD,https://www.adidas.com//us/samba-classic-shoes/036516.html,INSTOCK
NMD_V3 Shoes,49,, 8,5.0,2023-12-13 11:22:38,Core Black / Cloud White / Team Semi Sol Yellow,Adidas,USD,https://www.adidas.com//us/nmd_v3-shoes/GW1481.html,INSTOCK
RunFalcon 3 Lace Shoes,55,, 221,4.7,2023-12-13 11:22:39,Lucid Blue S23 / Legend Ink / Cloud White,Adidas,USD,https://www.adidas.com//us/runfalcon-3-lace-shoes/HP5840.html,INSTOCK
NMD_V3 Shoes,45,, 46,4.6,2023-12-13 11:22:44,Core Black / Core Black / Core Black,Adidas,USD,https://www.adidas.com//us/nmd_v3-shoes/GX5683.html,INSTOCK
Ultraboost Light Running Shoes,64,, 28,4.4,2023-12-13 11:22:50,Carbon / Matte Silver / Beam Pink,Adidas,USD,https://www.adidas.com//us/ultraboost-light-running-shoes/H06371.html,INSTOCK
Racer TR23 Shoes Kids,55,, 165,4.7,2023-12-13 11:22:54,Legend Ink / Cloud White / Gum,Adidas,USD,https://www.adidas.com//us/racer-tr23-shoes-kids/IF3261.html,INSTOCK
Superstar Boots Kids,35,, 22,4.6,2023-12-13 11:22:57,Olive Strata / Olive Strata / Cloud White,Adidas,USD,https://www.adidas.com//us/superstar-boots-kids/IG2561.html,INSTOCK
Grand Court Shoes,50,, 509,4.6,2023-12-13 11:23:00,Cloud White / Core Black / Core Black,Adidas,USD,https://www.adidas.com//us/grand-court-shoes/GW6521.html,INSTOCK
NMD_V3 Shoes,49,, 8,5.0,2023-12-13 11:23:06,Cloud White / Pulse Blue / Cloud White,Adidas,USD,https://www.adidas.com//us/nmd_v3-shoes/GY4282.html,INSTOCK
Superstar 360 Shoes,36,, 3,5.0,2023-12-13 11:23:10,Core Black / Core Black / Cloud White,Adidas,USD,https://www.adidas.com//us/superstar-360-shoes/Q46178.html,INSTOCK
Superstar XLG Shoes Kids,81,, 22,4.6,2023-12-13 11:23:15,Cloud White / Better Scarlet / Cloud White,Adidas,USD,https://www.adidas.com//us/superstar-xlg-shoes-kids/IF0551.html,INSTOCK
Stan Smith Shoes,54,, 51,4.9,2023-12-13 11:23:17,Cloud White / Cloud White / Green,Adidas,USD,https://www.adidas.com//us/stan-smith-shoes/FX7532.html,INSTOCK
NMD_S1 Shoes,63,, 19,4.8,2023-12-13 11:23:21,Core Black / Grey Five / Off White,Adidas,USD,https://www.adidas.com//us/nmd_s1-shoes/GW2186.html,INSTOCK
Runfalcon 2.0 Shoes,27,, 467,4.7,2023-12-13 11:23:24,Almost Blue F22 / Beam Pink F22 / Bliss Orange,Adidas,USD,https://www.adidas.com//us/runfalcon-2.0-shoes/HR1398.html,INSTOCK
Swift Run 22 Shoes,36,, 219,4.6,2023-12-13 11:23:31,True Pink / Cloud White / Vivid Pink,Adidas,USD,https://www.adidas.com//us/swift-run-22-shoes/GW8181.html,INSTOCK
Superstar Shoes,55,, 446,4.9,2023-12-13 11:23:34,Cloud White / Core Black / Cloud White,Adidas,USD,https://www.adidas.com//us/superstar-shoes/EF4842.html,INSTOCK
Trae Young 3 Basketball Shoes,120,,,"(None,)",2023-12-13 11:23:36,Lucid Cyan / True Blue / Lucid Cyan,Adidas,USD,https://www.adidas.com//us/trae-young-3-basketball-shoes/IF2115.html,INSTOCK
Racer TR21 Shoes,39,, 193,4.6,2023-12-13 11:23:41,Royal Blue / Cloud White / Beam Orange F22,Adidas,USD,https://www.adidas.com//us/racer-tr21-shoes/GW6588.html,INSTOCK
Superstar Shoes,55,, 648,4.9,2023-12-13 11:23:44,Cloud White / Core Black / Cloud White,Adidas,USD,https://www.adidas.com//us/superstar-shoes/FU7714.html,INSTOCK
Superstar Shoes,65,, 648,4.9,2023-12-13 11:23:46,Cloud White / Cloud White / Cloud White,Adidas,USD,https://www.adidas.com//us/superstar-shoes/EF5395.html,INSTOCK
UBOUNCE DNA C,65,,,"(None,)",2023-12-13 11:23:52,Cloud White / Cloud White / Core Black,Adidas,USD,https://www.adidas.com//us/ubounce-dna-c/IF6806.html,INSTOCK
Racer TR23 Shoes Kids,55,, 165,4.7,2023-12-13 11:23:56,Cloud White / Core Black / Bright Red,Adidas,USD,https://www.adidas.com//us/racer-tr23-shoes-kids/IG4911.html,INSTOCK
OZWEEGO Shoes Kids,80,, 13,4.9,2023-12-13 11:23:59,Magic Beige F22 / Magic Beige F22 / Sand Strata S23,Adidas,USD,https://www.adidas.com//us/ozweego-shoes-kids/IG7426.html,INSTOCK
Superstar Shoes Kids,90,, 8,4.9,2023-12-13 11:24:02,Core Black / Core Black / Gold Metallic,Adidas,USD,https://www.adidas.com//us/superstar-shoes-kids/ID7258.html,INSTOCK
adidas x Disney Adilette Comfort Spider-Man Slides,35,, 15,4.9,2023-12-13 11:24:07,Core Black / Cloud White / Better Scarlet,Adidas,USD,https://www.adidas.com//us/adidas-x-disney-adilette-comfort-spider-man-slides/HP7758.html,INSTOCK
AdiFOM Superstar 360 Shoes Kids,50,, 3,4.7,2023-12-13 11:24:09,Core Black / Core Black / Cloud White,Adidas,USD,https://www.adidas.com//us/adifom-superstar-360-shoes-kids/IG0223.html,INSTOCK
Lite Racer Adapt 6.0 Shoes Kids,42,, 95,4.4,2023-12-13 11:24:14,Core Black / Cloud White / Core Black,Adidas,USD,https://www.adidas.com//us/lite-racer-adapt-6.0-shoes-kids/IG7240.html,INSTOCK
Superstar Shoes,70,, 648,4.9,2023-12-13 11:24:18,Core Black / Cloud White / Core Black,Adidas,USD,https://www.adidas.com//us/superstar-shoes/EF5394.html,INSTOCK
Ultraboost 5.0 DNA Shoes,63,, 28,4.8,2023-12-13 11:24:23,Cloud White / Cloud White / Beam Pink F22,Adidas,USD,https://www.adidas.com//us/ultraboost-5.0-dna-shoes/GZ5025.html,INSTOCK
NMD_R1 Refined Shoes,85,, 181,4.6,2023-12-13 11:24:25,Core Black / Core Black / Cloud White,Adidas,USD,https://www.adidas.com//us/nmd_r1-refined-shoes/H02343.html,INSTOCK
VL Court 3.0 Shoes Kids,55,,,"(None,)",2023-12-13 11:24:28,Grey Three / Cloud White / Grey Two,Adidas,USD,https://www.adidas.com//us/vl-court-3.0-shoes-kids/ID6314.html,INSTOCK
X_PLR Shoes,75,, 1371,4.7,2023-12-13 11:24:31,Icey Pink / Icey Pink / Icey Pink,Adidas,USD,https://www.adidas.com//us/x_plr-shoes/BY9880.html,INSTOCK
Avryn Shoes Kids,48,, 3,4.7,2023-12-13 11:24:37,Cloud White / Zero Metalic / Crystal White,Adidas,USD,https://www.adidas.com//us/avryn-shoes-kids/IG0123.html,INSTOCK
adidas x LEGO® Tech RNR Shoes Kids,80,, 4,4.0,2023-12-13 11:24:40,Core Black / Core Black / Core Black,Adidas,USD,https://www.adidas.com//us/adidas-x-lego-tech-rnr-shoes-kids/ID9529.html,INSTOCK
TERREX Agravic Flow Primegreen Trail-Running Shoes,42,, 74,4.7,2023-12-13 11:24:45,Core Black / Dgh Solid Grey / Solar Red,Adidas,USD,https://www.adidas.com//us/terrex-agravic-flow-primegreen-trail-running-shoes/FZ3319.html,INSTOCK
Kaptir 2.0 Shoes,49,, 170,4.5,2023-12-13 11:24:46,Core Black / Cloud White / Solar Red,Adidas,USD,https://www.adidas.com//us/kaptir-2.0-shoes/Q47215.html,INSTOCK
Lite Racer Adapt 5.0 Shoes,60,, 718,4.7,2023-12-13 11:24:49,Vivid Red S21 / Power Red / Core Black,Adidas,USD,https://www.adidas.com//us/lite-racer-adapt-5.0-shoes/GW4163.html,INSTOCK
Ultraboost 1.0 x Marvel Shoes Kids,112,, 18,4.8,2023-12-13 11:24:54,Vivid Red S21 / Cloud White / Core Black,Adidas,USD,https://www.adidas.com//us/ultraboost-1.0-x-marvel-shoes-kids/IF0341.html,INSTOCK
Ozelle Shoes,32,, 42,5.0,2023-12-13 11:24:59,Aluminium / Wonder White F21 / Grey One,Adidas,USD,https://www.adidas.com//us/ozelle-shoes/GW1554.html,INSTOCK
Adilette Shower Slides,20,, 1615,4.8,2023-12-13 11:25:00,Core Black / Cloud White / Core Black,Adidas,USD,https://www.adidas.com//us/adilette-shower-slides/G27625.html,INSTOCK
adidas Originals x Disney Mickey Superstar 360 Shoes Kids,50,,,"(None,)",2023-12-13 11:25:04,Violet Tone F21 / Cloud White / Clear Pink,Adidas,USD,https://www.adidas.com//us/adidas-originals-x-disney-mickey-superstar-360-shoes-kids/IE0682.html,INSTOCK
adidas x LEGO® Racer TR Shoes,42,, 105,4.8,2023-12-13 11:25:08,Shock Blue / Off White / Core Black,Adidas,USD,https://www.adidas.com//us/adidas-x-lego-racer-tr-shoes/GW1876.html,INSTOCK
Superstar Shoes,72,, 6,4.7,2023-12-13 11:25:12,Cloud White / Olive Strata S23 / Cloud White,Adidas,USD,https://www.adidas.com//us/superstar-shoes/HQ4287.html,INSTOCK
Adilette Lite Slides,30,, 158,4.8,2023-12-13 11:25:16,Core Black / Cloud White / Core Black,Adidas,USD,https://www.adidas.com//us/adilette-lite-slides/EG8271.html,INSTOCK
Forum Low Shoes,80,, 2,5.0,2023-12-13 11:25:18,Chalk White / Cloud White / Cloud White,Adidas,USD,https://www.adidas.com//us/forum-low-shoes/ID6861.html,INSTOCK
Grand Court Court Elastic Lace and Top Strap Shoes,50,, 509,4.6,2023-12-13 11:25:26,Cloud White / Matte Silver / Matte Silver,Adidas,USD,https://www.adidas.com//us/grand-court-court-elastic-lace-and-top-strap-shoes/GW6516.html,INSTOCK
Stan Smith Shoes Kids,80,,,"(None,)",2023-12-13 11:25:29,Cloud White / Better Scarlet S23 / Gum,Adidas,USD,https://www.adidas.com//us/stan-smith-shoes-kids/IE8174.html,INSTOCK
TERREX AX2R CF K,46,, 46,4.9,2023-12-13 11:25:32,Wonder Steel / Grey Three / Impact Orange,Adidas,USD,https://www.adidas.com//us/terrex-ax2r-cf-k/IF5703.html,INSTOCK
Campus 00s Shoes,90,, 21,5.0,2023-12-13 11:25:34,Preloved Green S24 / Solar Yellow / Cloud White,Adidas,USD,https://www.adidas.com//us/campus-00s-shoes/IF3967.html,INSTOCK
RunFalcon 3.0 Elastic Lace Top Strap Shoes,50,, 169,4.7,2023-12-13 11:25:39,Lucid Blue / Legend Ink / Cloud White,Adidas,USD,https://www.adidas.com//us/runfalcon-3.0-elastic-lace-top-strap-shoes/HP5871.html,INSTOCK
Samba Vegan Shoes,65,, 210,4.8,2023-12-13 11:25:45,Cloud White / Core Black / Gum,Adidas,USD,https://www.adidas.com//us/samba-vegan-shoes/GZ8349.html,INSTOCK
Swift Run 22 Shoes,63,, 501,4.5,2023-12-13 11:25:49,Core Black / Grey Five / Cloud White,Adidas,USD,https://www.adidas.com//us/swift-run-22-shoes/GW8166.html,INSTOCK
Samoa Shoes,50,, 5,5.0,2023-12-13 11:25:49,Cloud White / Core Black / Blue,Adidas,USD,https://www.adidas.com//us/samoa-shoes/FW3671.html,INSTOCK
Altaventure Sport Swim Sandals,31,, 166,4.9,2023-12-13 11:25:54,Cloud White / Beam Pink / Pulse Mint,Adidas,USD,https://www.adidas.com//us/altaventure-sport-swim-sandals/HQ1282.html,INSTOCK
NMD_R1 Refined Shoes,120,, 333,4.8,2023-12-13 11:25:56,Cloud White / Cloud White / Grey One,Adidas,USD,https://www.adidas.com//us/nmd_r1-refined-shoes/H02334.html,INSTOCK
NMD 360 Shoes,49,, 468,4.5,2023-12-13 11:26:01,Solar Red / Solar Red / Solar Red,Adidas,USD,https://www.adidas.com//us/nmd-360-shoes/GX3316.html,INSTOCK
NMD 360 Shoes,75,, 468,4.5,2023-12-13 11:26:06,Core Black / Cloud White / Scarlet,Adidas,USD,https://www.adidas.com//us/nmd-360-shoes/GY9147.html,INSTOCK
Racer TR21 Shoes,36,, 120,4.7,2023-12-13 11:26:09,Core Black / Cloud White / Sonic Ink F21,Adidas,USD,https://www.adidas.com//us/racer-tr21-shoes/H04211.html,INSTOCK
Swift Run 22 Shoes,36,, 219,4.6,2023-12-13 11:26:13,Cloud White / Core Black / Grey One,Adidas,USD,https://www.adidas.com//us/swift-run-22-shoes/GW8183.html,INSTOCK
Lite Racer Adapt 4.0 Slip-On Shoes,29,, 31,4.6,2023-12-13 11:26:16,Core Black / Core Black / Beam Pink F22,Adidas,USD,https://www.adidas.com//us/lite-racer-adapt-4.0-slip-on-shoes/GW7150.html,INSTOCK
Grand Court 2.0 Shoes,55,, 663,4.8,2023-12-13 11:26:20,Cloud White / Core Black / Core Black,Adidas,USD,https://www.adidas.com//us/grand-court-2.0-shoes/GW6511.html,INSTOCK
adidas x LEGO® Racer TR21 Elastic Lace and Top Strap Shoes,48,, 81,4.7,2023-12-13 11:26:23,Core Black / Core Black / Green,Adidas,USD,https://www.adidas.com//us/adidas-x-lego-racer-tr21-elastic-lace-and-top-strap-shoes/IF2892.html,INSTOCK
Stan Smith Shoes,46,,,"(None,)",2023-12-13 11:26:27,Cloud White / Core Black / Vivid Red S21,Adidas,USD,https://www.adidas.com//us/stan-smith-shoes/HQ1899.html,INSTOCK
Stan Smith Comfort Closure Shoes Kids,45,,,"(None,)",2023-12-13 11:26:31,Cloud White / Cloud White / Blue Bird,Adidas,USD,https://www.adidas.com//us/stan-smith-comfort-closure-shoes-kids/IE8119.html,INSTOCK
Gazelle Comfort Closure Shoes Kids,60,, 21,4.9,2023-12-13 11:26:33,Night Indigo / Wonder Taupe S23 / Gum,Adidas,USD,https://www.adidas.com//us/gazelle-comfort-closure-shoes-kids/IE8707.html,INSTOCK
Mahomes 1 Impact FLX Shoes,66,, 34,4.4,2023-12-13 11:26:36,Royal Blue / Cloud White / Team Light Blue,Adidas,USD,https://www.adidas.com//us/mahomes-1-impact-flx-shoes/HQ2078.html,INSTOCK
Grand Court Shoes,30,, 75,4.9,2023-12-13 11:26:40,Cloud White / Cloud White / Champagne Met.,Adidas,USD,https://www.adidas.com//us/grand-court-shoes/FZ3510.html,INSTOCK
Stan Smith Shoes,72,, 148,4.9,2023-12-13 11:26:44,Cloud White / Cloud White / Bold Pink,Adidas,USD,https://www.adidas.com//us/stan-smith-shoes/FX7522.html,INSTOCK
adidas x LEGO® Racer TR21 Elastic Lace and Top Strap Shoes,75,, 38,4.4,2023-12-13 11:26:49,Red / Red / Bliss Pink,Adidas,USD,https://www.adidas.com//us/adidas-x-lego-racer-tr21-elastic-lace-and-top-strap-shoes/IG0568.html,INSTOCK
Superstar 360 Shoes,36,, 26,4.8,2023-12-13 11:26:52,Cloud White / Cloud White / Cloud White,Adidas,USD,https://www.adidas.com//us/superstar-360-shoes/GX3273.html,INSTOCK
TERREX Hyperhiker Hiking Shoes,42,, 5,4.6,2023-12-13 11:26:57,Core Black / Grey Three / Core Black,Adidas,USD,https://www.adidas.com//us/terrex-hyperhiker-hiking-shoes/GZ9216.html,INSTOCK
Forum Low Comfort Closure Shoes Kids,36,, 3,4.3,2023-12-13 11:27:04,Core Black / Off White / Shadow Red,Adidas,USD,https://www.adidas.com//us/forum-low-comfort-closure-shoes-kids/IF2668.html,INSTOCK
adidas x LEGO® Racer TR21 Elastic Lace and Top Strap Shoes,60,, 33,4.7,2023-12-13 11:27:05,Core Black / Core Black / Red,Adidas,USD,https://www.adidas.com//us/adidas-x-lego-racer-tr21-elastic-lace-and-top-strap-shoes/IG0567.html,INSTOCK
Stabil Indoor Shoes,75,, 12,4.7,2023-12-13 11:27:10,Cloud White / Core Black / Sky Tint,Adidas,USD,https://www.adidas.com//us/stabil-indoor-shoes/ID1137.html,INSTOCK
NMD_V3 Shoes,49,, 20,5.0,2023-12-13 11:27:11,Core Black / Core Black / Signal Green,Adidas,USD,https://www.adidas.com//us/nmd_v3-shoes/GW5991.html,INSTOCK
NMD_R1 Refined Shoes,75,, 66,4.5,2023-12-13 11:27:14,Core Black / Core Black / Cloud White,Adidas,USD,https://www.adidas.com//us/nmd_r1-refined-shoes/H02345.html,INSTOCK
Ultraboost 1.0 Shoes,160,, 68,4.8,2023-12-13 11:27:21,Core Black / Core Black / Beam Green F22,Adidas,USD,https://www.adidas.com//us/ultraboost-1.0-shoes/HQ4218.html,INSTOCK
VL Court 3.0 Shoes Kids,55,,,"(None,)",2023-12-13 11:27:22,Cloud White / Dark Blue / Better Scarlet,Adidas,USD,https://www.adidas.com//us/vl-court-3.0-shoes-kids/IE6224.html,INSTOCK
adidas Originals x Disney 101 Dalmatians Superstar 360 Shoes Kids,52,, 6,5.0,2023-12-13 11:27:26,Cloud White / Core Black / Red,Adidas,USD,https://www.adidas.com//us/adidas-originals-x-disney-101-dalmatians-superstar-360-shoes-kids/ID9712.html,INSTOCK
Stan Smith Shoes Kids,80,,,"(None,)",2023-12-13 11:27:31,Night Indigo / Bliss Lilac F22 / Cloud White,Adidas,USD,https://www.adidas.com//us/stan-smith-shoes-kids/IE8209.html,INSTOCK
RapidaSport Bounce Sport Lace Shoes,56,, 75,4.7,2023-12-13 11:27:34,Green Oxide / Cloud White / Screaming Orange,Adidas,USD,https://www.adidas.com//us/rapidasport-bounce-sport-lace-shoes/FZ6347.html,INSTOCK
Ultraboost 1.0 Shoes,160,, 68,4.8,2023-12-13 11:27:38,Semi Blue Burst S24 / Preloved Ink S24 / Solar Red,Adidas,USD,https://www.adidas.com//us/ultraboost-1.0-shoes/ID8437.html,INSTOCK
Stan Smith Shoes,72,, 148,4.9,2023-12-13 11:27:45,Cloud White / Cloud White / Dark Blue,Adidas,USD,https://www.adidas.com//us/stan-smith-shoes/H68621.html,INSTOCK
Racer TR23 Shoes Kids,45,, 41,4.9,2023-12-13 11:27:46,Core Black / Cloud White / Royal Blue,Adidas,USD,https://www.adidas.com//us/racer-tr23-shoes-kids/ID0336.html,INSTOCK
VL Court 3.0 Shoes Kids,55,,,"(None,)",2023-12-13 11:27:51,Aluminium / Cloud White / Aluminium,Adidas,USD,https://www.adidas.com//us/vl-court-3.0-shoes-kids/ID6312.html,INSTOCK
Superstar 360 Shoes,52,, 100,4.7,2023-12-13 11:27:52,Core Black / Cloud White / Gold Metallic,Adidas,USD,https://www.adidas.com//us/superstar-360-shoes/GX3231.html,INSTOCK
Adifom Supernova Shoes,70,, 13,4.6,2023-12-13 11:27:56,Core Black / Core Black / Core Black,Adidas,USD,https://www.adidas.com//us/adifom-supernova-shoes/IF6588.html,INSTOCK
Superstar Comfort Closure Shoes Kids,65,, 1,5.0,2023-12-13 11:28:01,Core Black / Core Black / Gold Metallic,Adidas,USD,https://www.adidas.com//us/superstar-comfort-closure-shoes-kids/ID7265.html,INSTOCK
Superstar Shoes,72,, 1,5.0,2023-12-13 11:28:02,Cloud White / Wonder White / Legend Ink,Adidas,USD,https://www.adidas.com//us/superstar-shoes/HQ8730.html,INSTOCK
Grand Court Lifestyle Tennis Lace-Up Shoes,55,, 663,4.8,2023-12-13 11:28:06,Core Black / Cloud White / Core Black,Adidas,USD,https://www.adidas.com//us/grand-court-lifestyle-tennis-lace-up-shoes/GW6503.html,INSTOCK
OZWEEGO Shoes,70,, 365,4.9,2023-12-13 11:28:10,Crystal White / Cloud White / Off White,Adidas,USD,https://www.adidas.com//us/ozweego-shoes/EF6301.html,INSTOCK
X_PLR Shoes,49,, 79,4.8,2023-12-13 11:28:13,Bliss / Simple Brown / Simple Brown,Adidas,USD,https://www.adidas.com//us/x_plr-shoes/EE8876.html,INSTOCK
Trae Unlimited Basketball Shoes,80,, 19,4.5,2023-12-13 11:28:18,Wonder Beige / Grey Five / Wonder White,Adidas,USD,https://www.adidas.com//us/trae-unlimited-basketball-shoes/IE9351.html,INSTOCK
FortaRun 2.0 Cloudfoam Lace Shoes,60,,,"(None,)",2023-12-13 11:28:23,Dark Blue / Silver Metallic / Semi Flash Aqua F23,Adidas,USD,https://www.adidas.com//us/fortarun-2.0-cloudfoam-lace-shoes/IE1082.html,INSTOCK
NMD_R1 V2 Shoes,91,, 41,4.8,2023-12-13 11:28:25,Almost Blue F22 / Altered Blue S22 / Vivid Red S21,Adidas,USD,https://www.adidas.com//us/nmd_r1-v2-shoes/FZ6234.html,INSTOCK
Samba OG Shoes Kids,60,,,"(None,)",2023-12-13 11:28:29,Core Black / Cloud White / Gum,Adidas,USD,https://www.adidas.com//us/samba-og-shoes-kids/IE3680.html,INSTOCK
Predator Accuracy.3 Turf Soccer Shoes,46,, 109,4.6,2023-12-13 11:28:32,Team Solar Orange / Core Black / Core Black,Adidas,USD,https://www.adidas.com//us/predator-accuracy.3-turf-soccer-shoes/GW7079.html,INSTOCK
Forum Low Shoes,49,, 8,4.9,2023-12-13 11:28:37,Cloud White / Core Black / Pulse Magenta F22,Adidas,USD,https://www.adidas.com//us/forum-low-shoes/GY9106.html,INSTOCK
Trae Young 3 Basketball Shoes,120,,,"(None,)",2023-12-13 11:28:39,Core Black / Solar Red / Core Black,Adidas,USD,https://www.adidas.com//us/trae-young-3-basketball-shoes/IF2114.html,INSTOCK
RunFalcon 3.0 Hook-and-Loop Shoes,40,, 116,4.9,2023-12-13 11:28:43,Core Black / Cloud White / Core Black,Adidas,USD,https://www.adidas.com//us/runfalcon-3.0-hook-and-loop-shoes/HP5863.html,INSTOCK
RunFalcon 3.0 Hook-and-Loop Shoes,40,, 116,4.9,2023-12-13 11:28:48,Green Spark S24 / Core Black / Putty Grey S24,Adidas,USD,https://www.adidas.com//us/runfalcon-3.0-hook-and-loop-shoes/IE5903.html,INSTOCK
Ultraboost 1.0 Shoes Kids,96,,,"(None,)",2023-12-13 11:28:53,Halo Silver / Cloud White / Silver Metallic,Adidas,USD,https://www.adidas.com//us/ultraboost-1.0-shoes-kids/IG9888.html,INSTOCK
TERREX Hyperhiker Low Hiking Shoes,52,, 184,4.8,2023-12-13 11:28:58,Wonder Steel F22 / Grey Three / Impact Orange F22,Adidas,USD,https://www.adidas.com//us/terrex-hyperhiker-low-hiking-shoes/IF5701.html,INSTOCK
NMD Shoes,50,, 12,4.1,2023-12-13 11:29:01,Cloud White / Cloud White / Core White,Adidas,USD,https://www.adidas.com//us/nmd-shoes/HQ1651.html,INSTOCK
Predator Accuracy.3 Laceless Firm Ground Soccer Cleats,75,, 99,4.4,2023-12-13 11:29:04,Cloud White / Core Black / Lucid Lemon,Adidas,USD,https://www.adidas.com//us/predator-accuracy.3-laceless-firm-ground-soccer-cleats/IF2265.html,INSTOCK
UBOUNCE DNA C,65,,,"(None,)",2023-12-13 11:29:08,Core Black / Core Black / Core Black,Adidas,USD,https://www.adidas.com//us/ubounce-dna-c/IF6805.html,INSTOCK
Swift Run 22 Shoes,42,, 501,4.5,2023-12-13 11:29:12,True Pink / Cloud White / Vivid Pink,Adidas,USD,https://www.adidas.com//us/swift-run-22-shoes/GW8177.html,INSTOCK
Ultraboost Light Running Shoes,72,, 28,4.4,2023-12-13 11:29:17,Core Black / Core Black / Core Black,Adidas,USD,https://www.adidas.com//us/ultraboost-light-running-shoes/H06358.html,INSTOCK
Forum Low Shoes,70,, 49,4.7,2023-12-13 11:29:21,Cloud White / Cloud White / Cloud White,Adidas,USD,https://www.adidas.com//us/forum-low-shoes/FY7981.html,INSTOCK
Stan Smith Shoes,55,, 66,4.8,2023-12-13 11:29:23,Cloud White / Cloud White / Green,Adidas,USD,https://www.adidas.com//us/stan-smith-shoes/FX7524.html,INSTOCK
Predator Accuracy.3 Firm Ground Soccer Cleats,65,, 62,4.8,2023-12-13 11:29:29,Bright Royal / Cloud White / Bliss Blue,Adidas,USD,https://www.adidas.com//us/predator-accuracy.3-firm-ground-soccer-cleats/IE9503.html,INSTOCK
X Crazyfast.3 Firm Ground Soccer Cleats,70,, 196,4.8,2023-12-13 11:29:32,Cloud White / Cloud White / Cloud White,Adidas,USD,https://www.adidas.com//us/x-crazyfast.3-firm-ground-soccer-cleats/ID9353.html,INSTOCK
Adifom SLTN Shoes,56,, 114,4.8,2023-12-13 11:29:33,Cloud White / Beam Pink / Grey One,Adidas,USD,https://www.adidas.com//us/adifom-sltn-shoes/FZ5645.html,INSTOCK
Ozelia Shoes,70,, 244,4.8,2023-12-13 11:29:39,Clear Pink / Core Black / Clear Pink,Adidas,USD,https://www.adidas.com//us/ozelia-shoes/GW8132.html,INSTOCK
Swift Run 22 Shoes,42,, 501,4.5,2023-12-13 11:29:41,Cloud White / Core Black / Grey One,Adidas,USD,https://www.adidas.com//us/swift-run-22-shoes/GW8179.html,INSTOCK
Superstar Shoes,45,, 400,4.8,2023-12-13 11:29:44,Core Black / Cloud White / Core Black,Adidas,USD,https://www.adidas.com//us/superstar-shoes/EF5396.html,INSTOCK
Superstar 360 Shoes,42,,,"(None,)",2023-12-13 11:29:50,Core Black / Cloud White / Core Black,Adidas,USD,https://www.adidas.com//us/superstar-360-shoes/HQ4063.html,INSTOCK
Kaptir 3.0 Shoes Kids,70,, 49,4.2,2023-12-13 11:29:53,Cloud White / Core Black / Cloud White,Adidas,USD,https://www.adidas.com//us/kaptir-3.0-shoes-kids/IE2609.html,INSTOCK
Superstar Shoes Kids,75,, 7,5.0,2023-12-13 11:29:55,Cloud White / Supplier Colour / Silver Dawn,Adidas,USD,https://www.adidas.com//us/superstar-shoes-kids/IG0239.html,INSTOCK
Trae Unlimited Basketball Shoes,80,, 19,4.5,2023-12-13 11:29:59,Dash Grey / Metal Grey / Bright Blue,Adidas,USD,https://www.adidas.com//us/trae-unlimited-basketball-shoes/IG0702.html,INSTOCK
NMD 360 Shoes,65,, 265,4.8,2023-12-13 11:30:03,Core Black / Silver Metallic / Cloud White,Adidas,USD,https://www.adidas.com//us/nmd-360-shoes/GX3314.html,INSTOCK
X_PLRBOOST Shoes Juniors,78,, 20,4.8,2023-12-13 11:30:06,Dash Grey / Core Black / Lucid Lemon,Adidas,USD,https://www.adidas.com//us/x_plrboost-shoes-juniors/IF0628.html,INSTOCK
Pureboost 22 Running Shoes,60,, 17,4.8,2023-12-13 11:30:10,Core Black / Cloud White / Carbon,Adidas,USD,https://www.adidas.com//us/pureboost-22-running-shoes/GZ2599.html,INSTOCK
X_PLRBOOST Shoes Juniors,130,, 20,4.8,2023-12-13 11:30:14,Cloud White / Crystal White / Cloud White,Adidas,USD,https://www.adidas.com//us/x_plrboost-shoes-juniors/IE6904.html,INSTOCK
Ubounce DNA Shoes Kids,75,,,"(None,)",2023-12-13 11:30:16,Cloud White / Cloud White / Core Black,Adidas,USD,https://www.adidas.com//us/ubounce-dna-shoes-kids/IG1642.html,INSTOCK
Forum Bold Shoes,70,,,"(None,)",2023-12-13 11:30:20,Almost Pink S22 / Cloud White / Almost Pink S22,Adidas,USD,https://www.adidas.com//us/forum-bold-shoes/HQ6846.html,INSTOCK
X_PLR Shoes,39,, 82,4.9,2023-12-13 11:30:23,Cloud White / Cloud White / Cloud White,Adidas,USD,https://www.adidas.com//us/x_plr-shoes/CQ3132.html,INSTOCK
AdiFOM Superstar 360 Shoes Kids,50,, 3,4.7,2023-12-13 11:30:29,Wonder Beige F23 / Wonder Beige F23 / Solar Orange,Adidas,USD,https://www.adidas.com//us/adifom-superstar-360-shoes-kids/IG0225.html,INSTOCK
Altaventure Sport Swim Sandals,31,, 166,4.9,2023-12-13 11:30:32,Core Black / Cloud White / Halo Silver,Adidas,USD,https://www.adidas.com//us/altaventure-sport-swim-sandals/GV7812.html,INSTOCK
Copa Pure II League Firm Ground Cleats,55,,,"(None,)",2023-12-13 11:30:34,Core Black / Carbon / Grey One,Adidas,USD,https://www.adidas.com//us/copa-pure-ii-league-firm-ground-cleats/IE7495.html,INSTOCK
Harden Volume 7 Basketball Shoes,98,, 8,4.9,2023-12-13 11:30:36,Crew Yellow S21 / Core Black / Crew Yellow S21,Adidas,USD,https://www.adidas.com//us/harden-volume-7-basketball-shoes/HQ3445.html,INSTOCK
Superstar Shoes Kids,59,, 4,5.0,2023-12-13 11:30:45,Cloud White / Supplier Colour / Silver Dawn,Adidas,USD,https://www.adidas.com//us/superstar-shoes-kids/IG0259.html,INSTOCK
Superstar XLG Shoes Kids,90,, 3,5.0,2023-12-13 11:30:45,Collegiate Burgundy / Cloud White / Collegiate Navy,Adidas,USD,https://www.adidas.com//us/superstar-xlg-shoes-kids/IG0287.html,INSTOCK
Grand Court 2.0 Shoes Kids,40,, 2,5.0,2023-12-13 11:30:47,Cloud White / Core Black / Cloud White,Adidas,USD,https://www.adidas.com//us/grand-court-2.0-shoes-kids/ID5271.html,INSTOCK
Swift Run 1.0 Shoes Kids,49,, 162,4.7,2023-12-13 11:30:50,Core Black / Core Black / Cloud White,Adidas,USD,https://www.adidas.com//us/swift-run-1.0-shoes-kids/IF2974.html,INSTOCK
X_PLRPHASE Shoes Kids,80,, 53,4.6,2023-12-13 11:30:54,Cloud White / Cloud White / Core Black,Adidas,USD,https://www.adidas.com//us/x_plrphase-shoes-kids/IF2759.html,INSTOCK
adidas x LEGO® Tech RNR Elastic Lace and Top Strap Shoes,72,, 115,4.7,2023-12-13 11:30:55,Core Black / Silver Metallic / Eqt Yellow,Adidas,USD,https://www.adidas.com//us/adidas-x-lego-tech-rnr-elastic-lace-and-top-strap-shoes/ID9525.html,INSTOCK
Superstar Shoes,55,, 360,4.8,2023-12-13 11:30:58,Cloud White / Core Black / Cloud White,Adidas,USD,https://www.adidas.com//us/superstar-shoes/EF4838.html,INSTOCK
TERREX Hyperhiker Mid Hiking Shoes,70,, 246,4.8,2023-12-13 11:31:02,Wonder Steel F22 / Grey Three / Impact Orange F22,Adidas,USD,https://www.adidas.com//us/terrex-hyperhiker-mid-hiking-shoes/IF5700.html,INSTOCK
Superstar Shoes,63,, 1,4.0,2023-12-13 11:31:03,Cloud White / Beam Pink / Core Black,Adidas,USD,https://www.adidas.com//us/superstar-shoes/HR0317.html,INSTOCK
Ultraboost 22 Running Shoes,112,, 57,4.6,2023-12-13 11:31:08,Core Black / Core Black / Cloud White,Adidas,USD,https://www.adidas.com//us/ultraboost-22-running-shoes/GX9783.html,INSTOCK
Cross 'Em Up Select Basketball Shoes,55,, 1,5.0,2023-12-13 11:31:12,Core Black / Cloud White / Grey Three,Adidas,USD,https://www.adidas.com//us/cross-em-up-select-basketball-shoes/IE9244.html,INSTOCK
Superstar XLG Shoes Kids,81,, 22,4.6,2023-12-13 11:31:16,Cloud White / Blue / Cloud White,Adidas,USD,https://www.adidas.com//us/superstar-xlg-shoes-kids/IG0289.html,INSTOCK
X_PLR Phase Shoes Kids,50,,,"(None,)",2023-12-13 11:31:18,Cloud White / Cloud White / Core Black,Adidas,USD,https://www.adidas.com//us/x_plr-phase-shoes-kids/IG1523.html,INSTOCK
Superstar XLG Shoes Kids,68,, 2,5.0,2023-12-13 11:31:23,Cloud White / Blue / Cloud White,Adidas,USD,https://www.adidas.com//us/superstar-xlg-shoes-kids/IF8427.html,INSTOCK
Swift Run 22 Shoes,56,, 501,4.5,2023-12-13 11:31:25,Cloud White / Grey Two / Core Black,Adidas,USD,https://www.adidas.com//us/swift-run-22-shoes/GW8175.html,INSTOCK
Ultraboost 5.0 DNA Shoes,64,, 134,4.5,2023-12-13 11:31:30,Cloud White / Cloud White / Beam Pink F22,Adidas,USD,https://www.adidas.com//us/ultraboost-5.0-dna-shoes/GX9762.html,INSTOCK
AE 1 With Love Basketball Shoes Kids,100,,,"(None,)",2023-12-13 11:31:34,Acid Orange / Core Black / Acid Red,Adidas,USD,https://www.adidas.com//us/ae-1-with-love-basketball-shoes-kids/IF1883.html,INSTOCK
Racer TR23 Wide Shoes Kids,55,, 46,4.5,2023-12-13 11:31:38,Core Black / Core Black / Grey Five,Adidas,USD,https://www.adidas.com//us/racer-tr23-wide-shoes-kids/IG4924.html,INSTOCK
Adizero SL Running Lightstrike Running Shoes Kids,81,, 14,4.4,2023-12-13 11:31:41,Core Black / Core Black / Carbon,Adidas,USD,https://www.adidas.com//us/adizero-sl-running-lightstrike-running-shoes-kids/IG7857.html,INSTOCK
Ownthegame 2.0 Shoes,60,, 290,4.8,2023-12-13 11:31:46,Grey Five / Matte Gold / Core Black,Adidas,USD,https://www.adidas.com//us/ownthegame-2.0-shoes/GZ3381.html,INSTOCK
NMD 360 Shoes,65,, 265,4.8,2023-12-13 11:31:49,Core Black / Cloud White / Scarlet,Adidas,USD,https://www.adidas.com//us/nmd-360-shoes/GY9148.html,INSTOCK
Adifom Climacool Shoes Kids,72,, 10,4.3,2023-12-13 11:31:53,Wonder Beige / Wonder Beige / Magic Beige,Adidas,USD,https://www.adidas.com//us/adifom-climacool-shoes-kids/IF6583.html,INSTOCK
D.O.N. Issue 5 Shoes,90,,,"(None,)",2023-12-13 11:31:55,Bright Cyan / Core Black / Blue Rush S22,Adidas,USD,https://www.adidas.com//us/d.o.n.-issue-5-shoes/IE8342.html,INSTOCK
Nizza Platform Shoes,42,, 47,4.9,2023-12-13 11:31:59,Almost Pink S22 / Pulse Lilac F22 / Wonder White F21,Adidas,USD,https://www.adidas.com//us/nizza-platform-shoes/GY7051.html,INSTOCK
Ozelia Shoes,56,, 428,4.8,2023-12-13 11:32:04,Cloud White / Cloud White / Cloud White,Adidas,USD,https://www.adidas.com//us/ozelia-shoes/H03132.html,INSTOCK
NMD_R1 Shoes Kids,108,, 15,4.5,2023-12-13 11:32:07,Chalk White / Core Black / Cloud White,Adidas,USD,https://www.adidas.com//us/nmd_r1-shoes-kids/IG3374.html,INSTOCK
OZMILLEN Shoes Kids,81,, 6,5.0,2023-12-13 11:32:10,Core Black / Grey Five / Grey Two,Adidas,USD,https://www.adidas.com//us/ozmillen-shoes-kids/IF6589.html,INSTOCK
Grand Court Court Elastic Lace and Top Strap Shoes,43,, 509,4.6,2023-12-13 11:32:12,Cloud White / Pulse Mint / Beam Pink,Adidas,USD,https://www.adidas.com//us/grand-court-court-elastic-lace-and-top-strap-shoes/HP8913.html,INSTOCK
Superstar Shoes,45,, 400,4.8,2023-12-13 11:32:16,Cloud White / Core Black / Cloud White,Adidas,USD,https://www.adidas.com//us/superstar-shoes/FU7717.html,INSTOCK
Adifom Climacool Shoes Kids,72,, 10,4.3,2023-12-13 11:32:21,Core Black / Core Black / Silver Metallic,Adidas,USD,https://www.adidas.com//us/adifom-climacool-shoes-kids/IF6586.html,INSTOCK
TERREX Trailmaker RAIN.RDY Hiking Shoes,90,, 130,4.6,2023-12-13 11:32:25,Wonder Steel F22 / Grey Three / Impact Orange F22,Adidas,USD,https://www.adidas.com//us/terrex-trailmaker-rain.rdy-hiking-shoes/IF5708.html,INSTOCK
AdiFOM Superstar 360 Shoes Kids,55,, 13,5.0,2023-12-13 11:32:27,Pulse Yellow / Pulse Yellow / Red,Adidas,USD,https://www.adidas.com//us/adifom-superstar-360-shoes-kids/IG0219.html,INSTOCK
Disney Water Sandals Kids,33,,,"(None,)",2023-12-13 11:32:31,Off White / Core Black / Cloud White,Adidas,USD,https://www.adidas.com//us/disney-water-sandals-kids/IF0929.html,INSTOCK
Trae Young 3 Basketball Shoes,120,,,"(None,)",2023-12-13 11:32:36,Wonder Beige / Grey Five / Wonder White,Adidas,USD,https://www.adidas.com//us/trae-young-3-basketball-shoes/IG0728.html,INSTOCK
Disney Breaknet 2.0 Shoes Kids,42,, 3,5.0,2023-12-13 11:32:43,Cloud White / Core Black / Scarlet,Adidas,USD,https://www.adidas.com//us/disney-breaknet-2.0-shoes-kids/ID8026.html,INSTOCK
OZMILLEN Shoes Kids,81,, 6,5.0,2023-12-13 11:32:45,Cloud White / Core Black / Off White,Adidas,USD,https://www.adidas.com//us/ozmillen-shoes-kids/IF6590.html,INSTOCK
NMD_V3 Shoes,75,, 4,4.8,2023-12-13 11:32:50,Grey Six / Matte Silver / Pulse Magenta F22,Adidas,USD,https://www.adidas.com//us/nmd_v3-shoes/HQ1667.html,INSTOCK
Barricade Tennis Shoes,70,, 110,4.7,2023-12-13 11:32:52,Bright Royal / Bright Red / Cloud White,Adidas,USD,https://www.adidas.com//us/barricade-tennis-shoes/IG9529.html,INSTOCK
Stan Smith CS Shoes,72,, 21,4.9,2023-12-13 11:32:56,Bliss Pink / Core White / Gum,Adidas,USD,https://www.adidas.com//us/stan-smith-cs-shoes/IG7675.html,INSTOCK
NMD_R1 Shoes,91,, 2,1.0,2023-12-13 11:33:00,Crystal White / Light Pink / Cloud White,Adidas,USD,https://www.adidas.com//us/nmd_r1-shoes/GX5733.html,INSTOCK
Stan Smith Shoes Kids,75,, 8,4.9,2023-12-13 11:33:01,Dark Blue / Core White / Dark Blue,Adidas,USD,https://www.adidas.com//us/stan-smith-shoes-kids/IG0572.html,INSTOCK
Superstar Shoes,45,, 446,4.9,2023-12-13 11:33:05,Core Black / Cloud White / Core Black,Adidas,USD,https://www.adidas.com//us/superstar-shoes/EF4843.html,INSTOCK
NMD_R1 Shoes,84,, 15,4.5,2023-12-13 11:33:08,Blue Fusion / Cloud White / Blue Fusion,Adidas,USD,https://www.adidas.com//us/nmd_r1-shoes/HQ1660.html,INSTOCK
Predator Accuracy.3 Firm Ground Soccer Cleats,49,, 176,4.8,2023-12-13 11:33:13,Core Black / Core Black / Cloud White,Adidas,USD,https://www.adidas.com//us/predator-accuracy.3-firm-ground-soccer-cleats/GW4610.html,INSTOCK
Pureboost 22 Running Boost Primeknit Running Shoes Kids,85,, 10,5.0,2023-12-13 11:33:18,Core Black / Silver Metallic / Carbon,Adidas,USD,https://www.adidas.com//us/pureboost-22-running-boost-primeknit-running-shoes-kids/IF5547.html,INSTOCK
X_PLRPHASE Shoes Kids,80,, 53,4.6,2023-12-13 11:33:19,Carbon / Green Spark / Ivory,Adidas,USD,https://www.adidas.com//us/x_plrphase-shoes-kids/ID8573.html,INSTOCK
Superstar Shoes,72,, 14,4.4,2023-12-13 11:33:25,Carbon / Core Black / Gold Metallic,Adidas,USD,https://www.adidas.com//us/superstar-shoes/ID4281.html,INSTOCK
X Crazyfast.1 Firm Ground Soccer Cleats,98,, 38,4.6,2023-12-13 11:33:27,Cloud White / Cloud White / Cloud White,Adidas,USD,https://www.adidas.com//us/x-crazyfast.1-firm-ground-soccer-cleats/IE4210.html,INSTOCK
Forum Mid Shoes,90,, 9,5.0,2023-12-13 11:33:28,Cloud White / Cloud White / Core Black,Adidas,USD,https://www.adidas.com//us/forum-mid-shoes/HQ6844.html,INSTOCK
Ubounce DNA Shoes Kids,75,,,"(None,)",2023-12-13 11:33:31,Grey Three / Grey Five / Grey Two,Adidas,USD,https://www.adidas.com//us/ubounce-dna-shoes-kids/IG1528.html,INSTOCK
Stan Smith CS Shoes,72,, 21,4.9,2023-12-13 11:33:37,Grey Two / Core White / Gum,Adidas,USD,https://www.adidas.com//us/stan-smith-cs-shoes/IG7684.html,INSTOCK
adidas x LEGO® Tech RNR Lace-Up Shoes,64,, 55,4.9,2023-12-13 11:33:42,Shock Blue / Cloud White / Eqt Yellow,Adidas,USD,https://www.adidas.com//us/adidas-x-lego-tech-rnr-lace-up-shoes/IG2884.html,INSTOCK
Monofit Boot Shoes Kids,55,, 49,4.6,2023-12-13 11:33:43,Bright Royal / Cloud White / Royal Blue,Adidas,USD,https://www.adidas.com//us/monofit-boot-shoes-kids/ID9662.html,INSTOCK
adidas Originals x Disney 101 Dalmatians Nizza Platform Shoes Kids,75,, 5,5.0,2023-12-13 11:33:49,Core Black / Carbon / Red,Adidas,USD,https://www.adidas.com//us/adidas-originals-x-disney-101-dalmatians-nizza-platform-shoes-kids/IF5145.html,INSTOCK
Monofit Slip-On Shoes,40,, 112,4.7,2023-12-13 11:33:53,Ivory S24 / Cloud White / Blue Burst S24,Adidas,USD,https://www.adidas.com//us/monofit-slip-on-shoes/ID3413.html,INSTOCK
Ozelia Elastic Lace Shoes Kids,70,,,"(None,)",2023-12-13 11:33:56,Putty Grey S24 / Putty Grey S24 / Putty Grey S24,Adidas,USD,https://www.adidas.com//us/ozelia-elastic-lace-shoes-kids/IE2803.html,INSTOCK
Predator Accuracy.3 Firm Ground Soccer Cleats,65,, 62,4.8,2023-12-13 11:33:58,Cloud White / Core Black / Lucid Lemon,Adidas,USD,https://www.adidas.com//us/predator-accuracy.3-firm-ground-soccer-cleats/IE9504.html,INSTOCK
Pureboost 22 Running Shoes,68,, 17,4.8,2023-12-13 11:34:03,Lucid Fuchsia / Cloud White / Pulse Mint,Adidas,USD,https://www.adidas.com//us/pureboost-22-running-shoes/GZ2595.html,INSTOCK
Predator Accuracy.3 Turf Soccer Shoes,65,, 33,4.7,2023-12-13 11:34:06,Bright Royal / Cloud White / Bliss Blue,Adidas,USD,https://www.adidas.com//us/predator-accuracy.3-turf-soccer-shoes/IE9452.html,INSTOCK
Superstar Shoes,60,, 80,4.8,2023-12-13 11:34:11,Cloud White / Cloud White / Cloud White,Adidas,USD,https://www.adidas.com//us/superstar-shoes/FV3143.html,INSTOCK
Trae Unlimited Basketball Shoes,70,, 7,4.7,2023-12-13 11:34:12,Wonder Beige / Grey Five / Wonder White,Adidas,USD,https://www.adidas.com//us/trae-unlimited-basketball-shoes/IG0701.html,INSTOCK
RunFalcon 3 Lace Shoes,55,, 221,4.7,2023-12-13 11:34:17,Cloud White / Core Black / Cloud White,Adidas,USD,https://www.adidas.com//us/runfalcon-3-lace-shoes/HP5844.html,INSTOCK
Rivalry Low Shoes Kids,80,, 3,5.0,2023-12-13 11:34:18,Wonder Silver / Core Black / Off White,Adidas,USD,https://www.adidas.com//us/rivalry-low-shoes-kids/IG5164.html,INSTOCK
Predator Accuracy.3 Turf Soccer Shoes,65,, 33,4.7,2023-12-13 11:34:23,Cloud White / Core Black / Lucid Lemon,Adidas,USD,https://www.adidas.com//us/predator-accuracy.3-turf-soccer-shoes/IE9450.html,INSTOCK
Copa Pure Injection.3 Firm Ground Soccer Cleats,55,, 3,5.0,2023-12-13 11:34:26,Core Black / Team Solar Yellow 2 / Grey Five,Adidas,USD,https://www.adidas.com//us/copa-pure-injection.3-firm-ground-soccer-cleats/IG0775.html,INSTOCK
AE 1 With Love Basketball Shoes Kids,80,,,"(None,)",2023-12-13 11:34:27,Acid Orange / Core Black / Acid Red,Adidas,USD,https://www.adidas.com//us/ae-1-with-love-basketball-shoes-kids/IF1871.html,INSTOCK
Cross 'Em Up Select Wide Basketball Shoes,65,, 7,4.7,2023-12-13 11:34:32,Core Black / Cloud White / Grey Three,Adidas,USD,https://www.adidas.com//us/cross-em-up-select-wide-basketball-shoes/IE9252.html,INSTOCK
ZX 2K Boost Shoes,72,, 189,4.8,2023-12-13 11:34:35,Acid Yellow S21 / Core Black / Cloud White,Adidas,USD,https://www.adidas.com//us/zx-2k-boost-shoes/FY2638.html,INSTOCK
Winterplay x Disney Shoes Kids,80,, 15,4.9,2023-12-13 11:34:38,Core Black / Cloud White / Better Scarlet,Adidas,USD,https://www.adidas.com//us/winterplay-x-disney-shoes-kids/IG7189.html,INSTOCK
Predator Accuracy.3 Firm Ground Soccer Cleats,49,, 176,4.8,2023-12-13 11:34:42,Cloud White / Cloud White / Core Black,Adidas,USD,https://www.adidas.com//us/predator-accuracy.3-firm-ground-soccer-cleats/FZ6108.html,INSTOCK
Front Court Shoes Kids,60,,,"(None,)",2023-12-13 11:34:48,Carbon / Solar Red / Grey Six,Adidas,USD,https://www.adidas.com//us/front-court-shoes-kids/ID6196.html,INSTOCK
adidas Nebzed x Disney Minnie Mouse Shoes Kids,48,, 28,4.4,2023-12-13 11:34:50,Bright Red / Cloud White / Better Scarlet,Adidas,USD,https://www.adidas.com//us/adidas-nebzed-x-disney-minnie-mouse-shoes-kids/IG5368.html,INSTOCK
RunFalcon 3 Lace Shoes,55,, 221,4.7,2023-12-13 11:34:54,Green Spark / Core Black / Putty Grey,Adidas,USD,https://www.adidas.com//us/runfalcon-3-lace-shoes/ID0594.html,INSTOCK
X_PLR Phase Shoes Kids,50,,,"(None,)",2023-12-13 11:34:56,Core Black / Core Black / Cloud White,Adidas,USD,https://www.adidas.com//us/x_plr-phase-shoes-kids/IG1524.html,INSTOCK
Disney Water Sandals Kids,35,,,"(None,)",2023-12-13 11:34:59,Off White / Core Black / Cloud White,Adidas,USD,https://www.adidas.com//us/disney-water-sandals-kids/IF0927.html,INSTOCK
Ownthegame 2.0 Basketball Shoes,60,, 290,4.8,2023-12-13 11:35:04,Core Black / Cloud White / Core Black,Adidas,USD,https://www.adidas.com//us/ownthegame-2.0-basketball-shoes/GW1552.html,INSTOCK
Stan Smith Shoes,72,, 148,4.9,2023-12-13 11:35:05,Core Black / Core Black / Cloud White,Adidas,USD,https://www.adidas.com//us/stan-smith-shoes/FX7523.html,INSTOCK
Adilette Aqua Slides,22,, 2426,4.7,2023-12-13 11:35:09,Core Black / Cloud White / Core Black,Adidas,USD,https://www.adidas.com//us/adilette-aqua-slides/F35556.html,INSTOCK
Copa Pure.3 Firm Ground Soccer Cleats,55,, 38,4.8,2023-12-13 11:35:12,Cloud White / Core Black / Lucid Lemon,Adidas,USD,https://www.adidas.com//us/copa-pure.3-firm-ground-soccer-cleats/HQ8989.html,INSTOCK
TERREX x LEGO® Captain Toey Sandals,56,, 38,4.9,2023-12-13 11:35:18,Bliss Orchid / Cloud White / Eqt Yellow,Adidas,USD,https://www.adidas.com//us/terrex-x-lego-captain-toey-sandals/IE4978.html,INSTOCK
Cross Em Up Select Mid Basketball Shoes Kids,55,,,"(None,)",2023-12-13 11:35:21,Grey Three / Cloud White / Core Black,Adidas,USD,https://www.adidas.com//us/cross-em-up-select-mid-basketball-shoes-kids/IF0828.html,INSTOCK
Forum Low Shoes,80,, 333,4.8,2023-12-13 11:35:25,Cloud White / Cloud White / Cloud White,Adidas,USD,https://www.adidas.com//us/forum-low-shoes/FY7973.html,INSTOCK
X_PLR Shoes,75,, 1371,4.7,2023-12-13 11:35:27,Core Black / Core Black / Core Black,Adidas,USD,https://www.adidas.com//us/x_plr-shoes/BY9879.html,INSTOCK
Kaptir 3.0 Shoes Kids,70,, 49,4.2,2023-12-13 11:35:33,Better Scarlet S23 / Core Black / Core Black,Adidas,USD,https://www.adidas.com//us/kaptir-3.0-shoes-kids/IG2484.html,INSTOCK
FortaRun 2.0 Cloudfoam Lace Shoes,60,, 154,4.8,2023-12-13 11:35:37,Spark S24 / Cloud White / Grey One,Adidas,USD,https://www.adidas.com//us/fortarun-2.0-cloudfoam-lace-shoes/IE1077.html,INSTOCK
UBOUNCE DNA C,65,,,"(None,)",2023-12-13 11:35:41,Semi Lucid Blue S23 / Grey Two / Core Black,Adidas,USD,https://www.adidas.com//us/ubounce-dna-c/IF6803.html,INSTOCK
Altaventure Sport Swim Sandals,34,, 113,4.7,2023-12-13 11:35:45,Cloud White / Beam Pink / Pulse Mint,Adidas,USD,https://www.adidas.com//us/altaventure-sport-swim-sandals/HQ1281.html,INSTOCK
Superstar Shoes,80,, 1656,4.9,2023-12-13 11:35:50,Cloud White / Cloud White / Cloud White,Adidas,USD,https://www.adidas.com//us/superstar-shoes/EF5399.html,INSTOCK
X_PLRPHASE Shoes Kids,80,, 53,4.6,2023-12-13 11:35:52,Dash Grey / Core Black / Lucid Lemon,Adidas,USD,https://www.adidas.com//us/x_plrphase-shoes-kids/IF2756.html,INSTOCK
Trae Unlimited Basketball Shoes,80,, 25,4.8,2023-12-13 11:35:57,Core Black / Cloud White / Core Black,Adidas,USD,https://www.adidas.com//us/trae-unlimited-basketball-shoes/IE2146.html,INSTOCK
Top Ten RB Shoes,75,, 5,5.0,2023-12-13 11:36:01,Core Black / Cloud White / Dgh Solid Grey,Adidas,USD,https://www.adidas.com//us/top-ten-rb-shoes/GY8372.html,INSTOCK
Stan Smith Crib Shoes,40,, 51,4.8,2023-12-13 11:36:05,Cloud White / Cloud White / Cloud White,Adidas,USD,https://www.adidas.com//us/stan-smith-crib-shoes/FY7890.html,INSTOCK
AE 1 With Love Basketball Shoes Kids,70,,,"(None,)",2023-12-13 11:36:09,Acid Orange / Core Black / Acid Red,Adidas,USD,https://www.adidas.com//us/ae-1-with-love-basketball-shoes-kids/IF1869.html,INSTOCK
Superstar Shoes,45,, 400,4.8,2023-12-13 11:36:10,Cloud White / Cloud White / Cloud White,Adidas,USD,https://www.adidas.com//us/superstar-shoes/EF5397.html,INSTOCK
Ubounce DNA Shoes Kids,75,,,"(None,)",2023-12-13 11:36:14,Ice Lavender / Cloud White / Bliss Lilac,Adidas,USD,https://www.adidas.com//us/ubounce-dna-shoes-kids/IG1526.html,INSTOCK
Duramo SL Running Shoes Kids,60,, 35,4.7,2023-12-13 11:36:21,Cloud White / Cloud White / Solar Red,Adidas,USD,https://www.adidas.com//us/duramo-sl-running-shoes-kids/IG2479.html,INSTOCK
X Crazyfast.1 Laceless Firm Ground Soccer Cleats,105,, 29,4.3,2023-12-13 11:36:23,Cloud White / Core Black / Lucid Lemon,Adidas,USD,https://www.adidas.com//us/x-crazyfast.1-laceless-firm-ground-soccer-cleats/IE6644.html,INSTOCK
adidas x LEGO® Tech RNR Shoes Kids,80,, 3,4.3,2023-12-13 11:36:26,Core Black / Core Black / Core Black,Adidas,USD,https://www.adidas.com//us/adidas-x-lego-tech-rnr-shoes-kids/ID9528.html,INSTOCK
Racer TR23 Wide Shoes Kids,55,, 46,4.5,2023-12-13 11:36:29,Cloud White / Core Black / Bright Red,Adidas,USD,https://www.adidas.com//us/racer-tr23-wide-shoes-kids/IG4925.html,INSTOCK
X_PLR Shoes,42,, 184,4.6,2023-12-13 11:36:35,Cloud White / Cloud White / Cloud White,Adidas,USD,https://www.adidas.com//us/x_plr-shoes/CQ2972.html,INSTOCK
adidas Originals x James Jarvis Campus 00s Shoes Kids,90,,,"(None,)",2023-12-13 11:36:35,Cloud White / Bright Blue / Core Black,Adidas,USD,https://www.adidas.com//us/adidas-originals-x-james-jarvis-campus-00s-shoes-kids/ID9860.html,INSTOCK
TERREX AX2R K,52,, 50,4.7,2023-12-13 11:36:40,Wonder Steel F22 / Grey Three / Impact Orange F22,Adidas,USD,https://www.adidas.com//us/terrex-ax2r-k/IF5702.html,INSTOCK
Superstar Shoes Kids,81,, 4,5.0,2023-12-13 11:36:45,Cloud White / Better Scarlet / Night Indigo,Adidas,USD,https://www.adidas.com//us/superstar-shoes-kids/IG0249.html,INSTOCK
Grand Court 2.0 Shoes,50,, 137,4.6,2023-12-13 11:36:48,Cloud White / Iridescent / Cloud White,Adidas,USD,https://www.adidas.com//us/grand-court-2.0-shoes/GY2327.html,INSTOCK
Ultraboost 1.0 Shoes,160,, 68,4.8,2023-12-13 11:36:53,Preloved Fig S24 / Grey One / Almost Pink S22,Adidas,USD,https://www.adidas.com//us/ultraboost-1.0-shoes/ID8435.html,INSTOCK
Ubounce DNA Shoes Kids,75,,,"(None,)",2023-12-13 11:36:57,Semi Lucid Blue / Grey Two / Core Black,Adidas,USD,https://www.adidas.com//us/ubounce-dna-shoes-kids/IG1525.html,INSTOCK
Adilette Aqua Slides,20,, 2426,4.7,2023-12-13 11:36:58,Cloud White / Silver Metallic / Cloud White,Adidas,USD,https://www.adidas.com//us/adilette-aqua-slides/F35555.html,INSTOCK
Racer TR23 Shoes Kids,45,, 41,4.9,2023-12-13 11:37:02,Cloud White / Core Black / Bright Red,Adidas,USD,https://www.adidas.com//us/racer-tr23-shoes-kids/IG4916.html,INSTOCK
Adizero SL Running Lightstrike Running Shoes Kids,81,, 14,4.4,2023-12-13 11:37:07,Chalk White / Legend Ink / Core Black,Adidas,USD,https://www.adidas.com//us/adizero-sl-running-lightstrike-running-shoes-kids/IF5542.html,INSTOCK
X_PLRPHASE Shoes Kids,60,, 94,4.8,2023-12-13 11:37:12,Carbon / Green Spark / Ivory,Adidas,USD,https://www.adidas.com//us/x_plrphase-shoes-kids/ID8572.html,INSTOCK
Stan Smith Shoes,80,, 148,4.9,2023-12-13 11:37:19,Cloud White / Cloud White / Silver Metallic,Adidas,USD,https://www.adidas.com//us/stan-smith-shoes/FX7521.html,INSTOCK
X Crazyfast.1 Firm Ground Soccer Cleats,140,, 38,4.6,2023-12-13 11:37:20,Core Black / Core Black / Core Black,Adidas,USD,https://www.adidas.com//us/x-crazyfast.1-firm-ground-soccer-cleats/IE6636.html,INSTOCK
Superstar Shoes Kids,90,, 4,4.5,2023-12-13 11:37:24,Clear Pink / Cloud White / Cloud White,Adidas,USD,https://www.adidas.com//us/superstar-shoes-kids/IG0252.html,INSTOCK
adidas DNA x LEGO® Two-Strap Hook-and-Loop Shoes,48,, 70,4.8,2023-12-13 11:37:26,Core Black / Core Black / Red,Adidas,USD,https://www.adidas.com//us/adidas-dna-x-lego-two-strap-hook-and-loop-shoes/HQ1309.html,INSTOCK
AdiFOM Superstar 360 Shoes Kids,55,, 13,5.0,2023-12-13 11:37:29,Core Black / Core Black / Cloud White,Adidas,USD,https://www.adidas.com//us/adifom-superstar-360-shoes-kids/IG0203.html,INSTOCK
Ubersonic 4 Kids Shoes,54,, 118,4.7,2023-12-13 11:37:32,Arctic Fusion / Lucid Lemon / Cloud White,Adidas,USD,https://www.adidas.com//us/ubersonic-4-kids-shoes/IG9532.html,INSTOCK
FortaRun 2.0 Running Shoes Kids,45,, 13,4.9,2023-12-13 11:37:34,Core Black / Silver Metallic / Bright Royal,Adidas,USD,https://www.adidas.com//us/fortarun-2.0-running-shoes-kids/IG0421.html,INSTOCK
X_PLR Shoes,49,, 1371,4.7,2023-12-13 11:37:38,Cloud White / Cloud White / Cloud White,Adidas,USD,https://www.adidas.com//us/x_plr-shoes/CQ2964.html,INSTOCK
Cloudfoam Pure Shoes Kids,65,, 59,4.5,2023-12-13 11:37:41,Cloud White / Silver Metallic / Silver Dawn,Adidas,USD,https://www.adidas.com//us/cloudfoam-pure-shoes-kids/IG2429.html,INSTOCK
Barricade Tennis Shoes,63,, 110,4.7,2023-12-13 11:37:46,Cloud White / Crew Blue / Crew Blue,Adidas,USD,https://www.adidas.com//us/barricade-tennis-shoes/IG9528.html,INSTOCK
NMD_V3 Shoes,98,, 7,4.7,2023-12-13 11:37:48,Cloud White / Supplier Colour / Grey One,Adidas,USD,https://www.adidas.com//us/nmd_v3-shoes/GX5698.html,INSTOCK
Nizza Platform Shoes,56,, 6,5.0,2023-12-13 11:37:51,Cloud White / Core Black / Cloud White,Adidas,USD,https://www.adidas.com//us/nizza-platform-shoes/GY9960.html,INSTOCK
Predator Accuracy.1 Firm Ground Soccer Cleats,104,, 84,4.5,2023-12-13 11:37:55,Core Black / Core Black / Cloud White,Adidas,USD,https://www.adidas.com//us/predator-accuracy.1-firm-ground-soccer-cleats/GW4613.html,INSTOCK
Duramo SL Running Shoes Kids,41,, 49,4.9,2023-12-13 11:38:00,Lucid Lemon F23 / Core Black / Wonder Blue F23,Adidas,USD,https://www.adidas.com//us/duramo-sl-running-shoes-kids/IG2431.html,INSTOCK
X Crazyfast.3 Firm Ground Soccer Cleats,70,, 196,4.8,2023-12-13 11:38:01,Bright Royal / Cloud White / Solar Red,Adidas,USD,https://www.adidas.com//us/x-crazyfast.3-firm-ground-soccer-cleats/ID9354.html,INSTOCK
Freak Spark J,70,,,"(None,)",2023-12-13 11:38:06,Pumpkin / Cloud White / Bliss Pink,Adidas,USD,https://www.adidas.com//us/freak-spark-j/HR1576.html,INSTOCK
adidas x LEGO® Racer TR21 Elastic Lace and Top Strap Shoes,60,, 64,4.6,2023-12-13 11:38:09,Core Black / Core Black / Green,Adidas,USD,https://www.adidas.com//us/adidas-x-lego-racer-tr21-elastic-lace-and-top-strap-shoes/IF2889.html,INSTOCK
Predator Accuracy.3 Laceless Firm Ground Soccer Cleats,75,, 99,4.4,2023-12-13 11:38:13,Bright Royal / Cloud White / Bliss Blue,Adidas,USD,https://www.adidas.com//us/predator-accuracy.3-laceless-firm-ground-soccer-cleats/IF2266.html,INSTOCK
RapidaSport Bounce Sport Lace Shoes,65,, 75,4.7,2023-12-13 11:38:17,Core Black / Core Black / Gold Metallic,Adidas,USD,https://www.adidas.com//us/rapidasport-bounce-sport-lace-shoes/FZ6346.html,INSTOCK
Adifom Q Shoes,100,, 5,4.4,2023-12-13 11:38:17,Core Black / Carbon / Grey Six,Adidas,USD,https://www.adidas.com//us/adifom-q-shoes/HQ1649.html,INSTOCK
adidas DNA x LEGO® Elastic Lace and Top Strap Shoes,60,, 133,4.8,2023-12-13 11:38:22,Core Black / Core Black / Red,Adidas,USD,https://www.adidas.com//us/adidas-dna-x-lego-elastic-lace-and-top-strap-shoes/HQ1311.html,INSTOCK
Run 70s Shoes,43,, 160,4.9,2023-12-13 11:38:27,Cloud White / Bliss Pink F22 / Lucid Pink F23,Adidas,USD,https://www.adidas.com//us/run-70s-shoes/IG4899.html,INSTOCK
Nebzed Lifestyle Lace Running Shoes,43,, 40,4.6,2023-12-13 11:38:30,Cloud White / Royal Blue / Lucid Pink,Adidas,USD,https://www.adidas.com//us/nebzed-lifestyle-lace-running-shoes/IG7252.html,INSTOCK
OZELIA Shoes,72,, 31,4.8,2023-12-13 11:38:32,Off White / Core Black / Pale Nude,Adidas,USD,https://www.adidas.com//us/ozelia-shoes/GX3969.html,INSTOCK
D.O.N. Issue 5 Shoes,100,, 2,5.0,2023-12-13 11:38:36,Bright Cyan / Core Black / Blue Rush,Adidas,USD,https://www.adidas.com//us/d.o.n.-issue-5-shoes/IE8340.html,INSTOCK
Superstar Shoes,80,, 1656,4.9,2023-12-13 11:38:40,Core Black / Core Black / Core Black,Adidas,USD,https://www.adidas.com//us/superstar-shoes/FU7713.html,INSTOCK
Predator Accuracy Injection+ Firm Ground Soccer Cleats,128,, 4,5.0,2023-12-13 11:38:44,Core Black / Team Solar Yellow 2 / Grey Five,Adidas,USD,https://www.adidas.com//us/predator-accuracy-injection-plus-firm-ground-soccer-cleats/IG0771.html,INSTOCK
Superstar Shoes Kids,81,, 2,5.0,2023-12-13 11:38:47,Cloud White / Supplier Colour / Silver Dawn,Adidas,USD,https://www.adidas.com//us/superstar-shoes-kids/IG0238.html,INSTOCK
Ultraboost 5.0 DNA Shoes,104,, 134,4.5,2023-12-13 11:38:51,Cloud White / Cloud White / Beam Green F22,Adidas,USD,https://www.adidas.com//us/ultraboost-5.0-dna-shoes/GZ5020.html,INSTOCK
Predator Accuracy.1 Firm Ground Soccer Cleats,104,, 43,4.7,2023-12-13 11:38:55,Cloud White / Core Black / Lucid Lemon,Adidas,USD,https://www.adidas.com//us/predator-accuracy.1-firm-ground-soccer-cleats/IE9500.html,INSTOCK
FortaRun 2.0 Cloudfoam Elastic Lace Top Strap Shoes,58,, 46,4.3,2023-12-13 11:38:59,Cloud White / Zero Metalic / Better Scarlet,Adidas,USD,https://www.adidas.com//us/fortarun-2.0-cloudfoam-elastic-lace-top-strap-shoes/GZ9754.html,INSTOCK
Samoa Shoes,60,, 11,4.6,2023-12-13 11:39:02,Cloud White / Core Black / Cloud White,Adidas,USD,https://www.adidas.com//us/samoa-shoes/EG3000.html,INSTOCK
X Crazyfast.1 Laceless Firm Ground Soccer Cleats,105,, 29,4.3,2023-12-13 11:39:05,Bright Royal / Cloud White / Solar Red,Adidas,USD,https://www.adidas.com//us/x-crazyfast.1-laceless-firm-ground-soccer-cleats/IE6643.html,INSTOCK
X_PLR Phase Shoes Kids,50,,,"(None,)",2023-12-13 11:39:07,Carbon / Green Spark S24 / Ivory S24,Adidas,USD,https://www.adidas.com//us/x_plr-phase-shoes-kids/IG1522.html,INSTOCK
Racer TR23 Shoes Kids,55,, 165,4.7,2023-12-13 11:39:13,Off White / Clear Pink / Bliss Pink F22,Adidas,USD,https://www.adidas.com//us/racer-tr23-shoes-kids/IG4910.html,INSTOCK
RunFalcon 3 Lace Shoes,55,, 221,4.7,2023-12-13 11:39:16,Core Black / Core Black / Core Black,Adidas,USD,https://www.adidas.com//us/runfalcon-3-lace-shoes/HP5842.html,INSTOCK
Superstar 360 Shoes,39,, 13,4.8,2023-12-13 11:39:19,Core Black / Core Black / Cloud White,Adidas,USD,https://www.adidas.com//us/superstar-360-shoes/Q46315.html,INSTOCK
X Crazyfast.3 Laceless Firm Ground Soccer Cleats,80,, 135,4.7,2023-12-13 11:39:25,Bright Royal / Cloud White / Solar Red,Adidas,USD,https://www.adidas.com//us/x-crazyfast.3-laceless-firm-ground-soccer-cleats/ID9356.html,INSTOCK
NMD Shoes,44,, 12,4.1,2023-12-13 11:39:27,Core Black / Core Black / Grey Five,Adidas,USD,https://www.adidas.com//us/nmd-shoes/HQ6116.html,INSTOCK
Rivalry Low Shoes Kids,56,, 12,4.5,2023-12-13 11:39:31,Core Black / Cloud White / Core Black,Adidas,USD,https://www.adidas.com//us/rivalry-low-shoes-kids/IF5245.html,INSTOCK
adidas x LEGO® Tech RNR Shoes,43,, 55,4.9,2023-12-13 11:39:33,Bliss Orchid / Cloud White / Core Black,Adidas,USD,https://www.adidas.com//us/adidas-x-lego-tech-rnr-shoes/HP5885.html,INSTOCK
NMD_V3 Shoes,98,, 4,5.0,2023-12-13 11:39:37,Core Black / Core Black / Cloud White,Adidas,USD,https://www.adidas.com//us/nmd_v3-shoes/GY4287.html,INSTOCK
Stan Smith Shoes,70,, 66,4.8,2023-12-13 11:39:40,Cloud White / Cloud White / Green,Adidas,USD,https://www.adidas.com//us/stan-smith-shoes/FX7534.html,INSTOCK
Ubounce DNA Shoes Kids,75,,,"(None,)",2023-12-13 11:39:43,Core Black / Core Black / Core Black,Adidas,USD,https://www.adidas.com//us/ubounce-dna-shoes-kids/IG1527.html,INSTOCK
OZELIA Shoes,48,, 26,4.6,2023-12-13 11:39:47,Carbon / Carbon / Core Black,Adidas,USD,https://www.adidas.com//us/ozelia-shoes/GV8991.html,INSTOCK
Duramo SL Running Shoes Kids,45,, 49,4.9,2023-12-13 11:39:53,Victory Blue F21 / Cloud White / Solar Red,Adidas,USD,https://www.adidas.com//us/duramo-sl-running-shoes-kids/IG2432.html,INSTOCK
